用户Id,板块集,次数,时间
449165,205,752,2017-08-08 09:25:02
443555,47,406,2017-08-07 16:12:32
442897,47,379,2017-08-07 16:06:09
431232,237,339,2017-08-08 09:05:46
446000,55,286,2017-08-08 08:24:03
440743,25,249,2017-08-07 22:37:03
452973,234,244,2017-08-12 11:22:42
121220,31,229,2017-08-07 18:17:20
447122,28,213,2017-08-08 20:54:41
450539,51,212,2017-08-08 10:36:42
10011,187,209,2017-08-07 19:31:39
441724,31,206,2017-08-07 23:16:32
427282,31,202,2017-08-08 08:19:00
363464,144,185,2017-08-07 17:23:38
451437,34,181,2017-08-09 20:45:01
439213,2,171,2017-08-07 15:13:40
443874,231,168,2017-08-07 15:15:28
60961,205,167,2017-08-08 09:19:42
442045,51,166,2017-08-08 09:02:04
442178,31,165,2017-08-07 20:25:22
